菜色名稱,菜色類別,每一份量,單位,每一份量說明,熱量(大卡),蛋白質(克),脂肪(克),碳水化合物(克),膳食纖維(克)
飯,主食,50,公克,50g,71,1.4,0.1,15.5,0.1
糯米飯,主食,50,公克,50g(熟),71,1.6,0.2,15.4,0.1
稀飯,主食,125,公克,125g,71,1.4,0.1,15.5,0.1
鍋燒麵,主食,60,公克,60g,70,2.7,0.2,14.3,0.6
全麥饅頭,主食,25,公克,25g(1/3個),73,2,1.3,13.5,0.9
白土司,主食,25,公克,25g,75,2.4,1.9,12.3,0.6
全麥土司,主食,25,公克,25g,72,2.6,1.6,12,0.8
奶酥麵包,主食,20,公克,20g(約1/3個),74,1.8,3,10.1,0.2
波蘿麵包,主食,20,公克,20g(約1/3個),77,1.8,3.4,9.9,0.2
銀絲捲,主食,25,公克,25g,70,2.2,0.8,13.6,0.6
肉粽,主食,30,公克,30g(約1/5個),70,2.5,2.6,9.2,0.2
泡麵,主食,15,公克,15g(約1/4個),71,1.4,3.7,8,0.3
馬來糕,點心,25,公克,25g,79,1.8,3.2,11,0.3
油條,主食,15,公克,15g(約1/3條),84,1.5,6.4,5.3,0.2
飯糰,主食,20,公克,20g(約1/9個),67,1.2,3.5,7.7,0.2
燒餅,主食,20,公克,20g(約1/4個),64,1.8,1.8,10.2,0.2
鮮乳,飲品,240,毫升,240c.c.,152,7.4,8.6,11.5,0
低脂鮮乳,飲品,240,毫升,240c.c.,95,7,2.9,10.3,0
奶酪,點心,100,公克,100g(約1個),92,3.5,3.3,12.4,0
優酪(草莓),點心,175,公克,175g,176,6.5,4.9,27.3,0
鮮奶酪,點心,120,公克,120g(約1個),115,3.3,4.8,15.4,0
冰淇淋(巧克力),點心,55,公克,55g(約一球),99,2.3,5,11.8,0
冰淇淋,點心,55,公克,55g,97,1.4,4.7,12.7,0
養樂多,飲品,240,毫升,240c.c.,163,2.6,0,39.1,0
三色蛋,副菜,50,公克,50g,86,7,6,1,0
炒蛋,副菜,100,公克,100g,257,14.3,21.5,1.7,0
蒸蛋,副菜,180,公克,180g,81,6.9,5.7,0.2,0
番茄炒蛋,副菜,444,公克,444g,736,30.3,63.4,13.2,0
豆奶,飲品,380,毫升,380c.c.,210,7,4.8,35,0.9
黑豆漿,飲品,600,毫升,600c.c.,234,6.8,3.5,44.3,0.5
豆漿,飲品,260,毫升,260c.c.,165,7,4.2,23,7.7
烏魚子,副菜,20,公克,20g(約1/9付),61,7.5,2.1,3.1,0
牛小排,主菜,60,公克,60g (EP),234,7,22.6,0,0
牛排,主菜,35,公克,35g(約2/5片),85,8.1,5.3,0,0
牛肉乾,點心,20,公克,20g,64,7.6,0.9,6.5,0
紅燒牛腩,主菜,30,公克,約30g(生重45g),149,6.7,13.3,0,0
花枝丸,副菜,55,公克,55g(約2個),89,6.7,4.3,6.2,0
紫菜,副菜,10,公克,10g(約3張),23,2.7,0,4.1,1.2
番茄汁,飲品,100,公克,100g,21,0.7,0.2,4.4,0.3
蓮霧(中),水果,180,公克,180g,61,0.9,0.3,15.3,1.8
葫蘆芭樂,水果,155,公克,155g,61,1.2,0.1,10.9,7.8
土芭樂(圓),水果,155,公克,155g,61,1.2,0.1,10.9,7.8
泰國芭樂,水果,160,公克,160g,61,1.2,15.6,15.6,4.8
山竹,水果,420,公克,420g,61,0.5,0.3,15.6,1.3
榴槤,水果,35,公克,35g,57,1,0.7,13.2,0
蘋果,水果,130,公克,130g,61,0.4,0.3,15.9,1.8
櫻桃,水果,85,公克,85g,60,0.8,0.3,15.3,1.3
龍眼,水果,130,公克,130g,60,1.1,0.8,13.9,0.9
龍眼乾,水果,22,公克,22g,60,1.1,0.3,15,0.5
百香果,水果,190,公克,190g,62,2.1,2.3,10.2,5
荔枝,水果,185,公克,185g,60,1.1,0.3,15.5,1.4
紅棗,水果,30,公克,30g,63,0.8,0.1,14.9,1.9
黑棗,水果,30,公克,30g,64,0.7,0,15.2,2.7
棗子,水果,140,公克,140g,59,1.6,0.3,14.4,2.3
新疆哈密瓜,水果,290,公克,290g,61,1.7,0.1,15.2,1.2
香瓜,水果,245,公克,245g(AP)約2/3個,62,2.1,0.5,14.2,0.7
美濃瓜,水果,165,公克,165g(約8小片),62,2.1,0.5,14.2,0.7
西瓜,水果,250,公克,250g(約10小片),61,1.5,0.3,14.9,0.8
紅西瓜,水果,365,公克,365g(AP),61,1.5,0.3,14.9,0.8
芒果乾,水果,18,公克,18g(約2片),59,0.1,0.1,16.3,0.6
芒果,水果,140,公克,140g(AP),60,1.2,0.4,14.7,1.2
愛文芒果,水果,225,公克,225g(AP) 約1.5片,60,0.3,0.5,15.3,1.2
柿餅,水果,33,公克,33g(約3/4個),62,0.5,0,16.8,3.9
楊桃,水果,180,公克,180g(AP)約3/4個,61,1.3,0.3,14.8,1.9
奇異果,水果,125,公克,125g(AP)約1.5個,61,1.4,0.4,14.8,2.8
木瓜,水果,190,公克,190g(AP)約1/2個,62,1,0.1,16.1,2
小玉西瓜,水果,320,公克,320g(AP),62,1.8,0.3,14.9,0.8
葡萄柚,水果,250,公克,250g(AP)約3/4個,61,1.3,0.6,14.2,2.3
釋迦,水果,105,公克,105g(AP)約1/2個,62,1.3,0,16,1.6
白柚,水果,165,公克,165g(約2片),61,1,0.3,15.1,1.9
哈密瓜,水果,225,公克,225g(AP),60,1.3,0.3,14.8,1.6
海梨,水果,190,公克,190g(AP)約1.3個,61,1.3,0.5,14.4,3.2
柑橘,水果,190,公克,190g(AP),62,0.8,0.2,15.8,2.6
柳丁,水果,170,公克,170g(AP),60,1.1,0.3,15,3.3
香吉士,水果,135,公克,135g(AP),62,0.9,0.9,12.4,3.2
西洋梨,水果,165,公克,165g(AP),61,0.3,0.3,15.9,3.1
粗梨(小),水果,140,公克,140g(AP),61,0.5,0.1,16,2.1
梨子,水果,200,公克,200g(AP)約3/4個,61,0.6,0.5,15.4,2.5
酪梨,水果,135,公克,135g(AP)約1/5個,60,1.2,0.7,11.3,2.6
水蜜桃,水果,150,公克,150g(AP),62,1.2,0.3,15.5,2.2
玫瑰桃,水果,120,公克,120g,61,1.4,0.1,15.4,2
加州李,水果,110,公克,110g(AP),61,0.8,0.4,15.3,1.7
小番茄,水果,175,公克,175g(約23個),62,2.5,2.3,9.5,2.5
加州葡萄,水果,120,公克,120g(AP)約10個,62,0.4,0.7,15.3,0.5
葡萄乾,水果,20,公克,20g(約33個),61,0.7,0.2,15.9,1.2
世紀梨,水果,200,公克,200g(AP),61,0.6,0.5,15.4,2.5
葡萄,水果,130,公克,130g(AP)約13個,61,0.8,0.2,15.5,0.7
草莓,水果,170,公克,170g(AP)約16個,60,1.7,0.4,14.2,2.8
鳳梨,水果,130,公克,130g(AP)兩個半圓片,61,1.2,0.2,15.1,1.8
香蕉,水果,95,公克,95g(AP)約1/2根,61,0.9,0.1,15.8,1
香蕉(小),水果,95,公克,95g(AP),61,0.9,0.1,15.8,1
芒果汁,飲品,140,公克,140g,60,0.1,0,16.8,0.2
楊桃汁,飲品,135,公克,135g,59,0.1,0.1,16.2,0.1
椰子汁,飲品,340,公克,340g,61,0.3,0.1,16.6,0
芭樂汁,飲品,145,公克,145g,59,0.2,0.1,15.8,0.1
果菜汁,飲品,140,公克,140g,61,0.2,0.1,15,0.3
葡萄汁,飲品,135,公克,135g,58,0.1,0,16,0
葡萄柚汁,飲品,160,公克,160g,60,0.3,0.3,15.5,0.7
果汁,飲品,120,公克,120g,60,0.1,0.1,14.8,0
甘蔗汁,飲品,145,公克,145g,62,0.2,0.3,14.9,0.3
鳳梨汁,飲品,140,公克,140g,60,0.3,0.2,15.7,0.2
蘋果汁,飲品,140,公克,140g,59,0.1,0.5,15.2,0
水蜜桃汁,飲品,135,公克,135g,60,0.2,0.1,16.3,0
芒果青,水果,30,公克,30g(約5片),60,0.2,0.1,16.3,0.9
黑棗梅,點心,30,公克,30g(AP)約3個,60,0.1,0,15.8,2.4
肉圓,主食,75,公克,75g (約3/4個),101,2.3,1.1,20.6,0.2
湯圓,副菜,30,公克,30g (約1/2個),103,1.4,4.4,14.5,0.3
鮮肉湯圓,副菜,35,公克,35g (約1.8個),99,2.3,4.5,12.6,0.1
肉粽,主食,42,公克,42g (約1/4個),98,3.4,3.7,12.9,0.3
芋泥包,點心,37,公克,37g (約1/2個),100,2.3,1.6,19.1,0.9
豆沙包,點心,42,公克,42g (約1/2個),101,3.1,0.1,22.1,0.7
芝麻包,點心,30,公克,30g (約3/8個),105,2,4.2,14.8,0.2
素菜包,主食,45,公克,45g (約1/2個),102,3.9,1.1,19.3,0.5
燒賣,主食,60,公克,60g (約2個),105,5.6,5.2,9.1,1.4
叉燒包,主食,40,公克,40g (約2/5個),105,3.5,1.7,19,0.5
小籠包,主食,42,公克,42g (約1個),101,4,6.5,6.7,0.5
包子,主食,40,公克,40g (約1/2個),103,2.8,4.1,14,0.4
水餃,主食,50,公克,50g (約4個),102,3.9,4.4,11.8,0.5
鍋貼,主食,45,公克,45g (約1.3個),103,3.5,4.4,12.5,0.7
豬肉韭菜水餃,主食,45,公克,45g (約4個),102,3.8,5.1,10.4,0.8
韭菜盒子,主食,50,公克,50g (約2/3個),106,3.8,5.7,10.2,0.7
餛飩,主菜,70,公克,70g (約2個),99,4.6,5.2,8.7,0.4
比薩,主食,50,公克,50g (約2/5個),104,4.7,3.5,13.9,1
餡餅,主食,45,公克,45g (約1/2個),100,4.3,4.6,10.6,0.5
肉羹麵,主食,160,公克,160g(1碗),236,17.3,8,23.8,0
乾麵,主食,321,公克,321g(1碗),430,13.7,13.2,65.2,0
紅燒牛肉麵,主食,817,公克,817g(1碗),969,35.6,51.2,88,0
榨菜肉絲麵,主食,195,公克,195g(1碗),318.2,12.8,1.8,62.8,0
肉燥麵,主食,175,公克,175g(1碗),351,15.3,5,61.3,0
肉燥飯,主食,280,公克,280g(1碗),413,17,5,75,0
蝦仁炒飯,主食,325,公克,325g(1碗),496.5,21.9,12.1,75,0
藥燉排骨湯套餐,主食,430,公克,430g(1碗湯/1碗白飯),498.6,26.4,15,64.5,0
豬肉燴飯,主食,365,公克,365g(1碗),382.1,19.7,4.5,65.8,0
咖哩燴飯,主食,340,公克,340g(1碗),484.2,23.8,11,72.5,0
蒸餃,主食,250,公克,250g,642,33,40,37.5,0
牛肉湯餃,主食,275,公克,275g,648,33.3,40,38.8,0
酸辣湯餃,主食,317,公克,317g,664.6,34.4,40.6,40.3,0
牛肉湯麵,主食,200,公克,200g,291.2,8.8,0,64,0
芋香排骨麵,主食,265,公克,265g,488.3,21.9,7.1,84.3,0
酸辣麵,主食,187,公克,187g,294.6,9.5,0.6,62.8,0
紅燒牛肉湯,湯品,70,公克,70g,159.4,9.4,13,1.3,0
玉米濃湯,湯品,39,公克,39g,52.6,5.5,2.8,1.5,0
酸辣湯,湯品,392,公克,392g,109,3.1,3.7,16.4,0
桃木燻雞飯糰,主食,106,公克,106g,207.8,5.3,4.24,37.1,0
爪哇咖哩飯,主食,492,公克,492g,743,18.2,19.7,123,0
奮起湖雞腿排,主菜,193,公克,193g,308,12.7,3.7,56,0
沙茶羊肉炒麵,主食,384,公克,384g,496,21.5,20,57.6,0
黑胡椒烤雞腿排握便當,主食,207,公克,207g,323,13.4,2.4,61.9,0
月見蕎麥涼麵,主食,250,公克,250g,515.3,12.5,14.3,84.3,0
豬排飯,主食,343,公克,343g,676,24,17.2,106.3,0
義式烤雞番茄義大利麵,主食,404,公克,404g,682.8,24.2,20.2,101,0
餛飩麵,主食,551,公克,551g,597.3,18.7,13.2,100.8,0
漢堡,主食,100,公克,100g,255,13,9,30,0
吉事漢堡,主食,114,公克,114g,304,16,13,31,0
大麥克,主食,212,公克,212g,535,27,29,42,0
1955美式培根牛肉堡,主食,,,,543,26,32,38,0
雙層牛肉吉事堡,主食,,,,456,27,25,31,0
四盎司牛肉堡,主食,,,,537,31,30,35,0
雙層四盎司牛肉堡,主食,,,,800,51,51,35,0
麥克雙牛堡,主食,,,,407,24,21,31,0
麥香魚堡,主食,132,公克,132g,321,14,13,37,0
一口咬麥麥雞,主食,,,,87,15,2,2,0
陽光鱈魚堡,主食,,,,256,12,6,38,0
青蔬烤雞堡,主食,,,,252,18,8,29,0
麥香雞堡,主食,171,公克,171g,374,15,17,40,0
勁辣雞腿堡,主食,182,公克,182g,535,24,30,42,0
板烤雞腿堡,主食,,,,366,23,12,42,0
麥克雞塊(6塊),主食,132,公克,132g,309,17,20,16,0
勁辣香雞翅,主食,,,,240,12,17,9,0
原味麥脆雞(翅),主食,79,公克,79g,233,16,15,9,0
原味麥脆雞(腿),主食,74,公克,74g,228,17,14,7,0
原味麥脆雞(排),主食,139,公克,139g,346,22,25,10,0
辣味麥脆雞(翅),主食,79,公克,79g,257,15,17,11,0
辣味麥脆雞(腿),主食,74,公克,74g,230,16,15,9,0
辣味麥脆雞(排),主食,139,公克,139g,331,22,23,11,0
芋香排骨湯,湯品,145,公克,145g,216.3,13.9,7.1,24.3,0
鮮蚵湯,湯品,95,公克,95g,82.5,10.5,4.5,0,0
皮蛋豆腐,副菜,9,公克,8.75g,54.8,5.3,3.8,5.3,0
蝦仁卷(兩個),主菜,49,公克,49g,101.5,8.2,6.7,2.2,0
黃耆枸杞雞湯,湯品,95,公克,95g,110,14,6,0,0
蔘鬚枸杞豬心湯,湯品,55,公克,55g,110,14,6,0,0
銀杏蓮子排骨湯,湯品,85,公克,85g,146,14,10,0,0
天麻人蔘雞湯,湯品,95,公克,95g,110,14,6,0,0
薑絲鱸魚湯,湯品,150,公克,150g,146,14,10,0,0
黃耆黨蔘燉雞湯,湯品,95,公克,95g,110,14,6,0,0
菠菜豬肝湯,湯品,110,公克,110g,118.4,14.4,6,1.8,0
黨蔘竹笙雞湯,湯品,95,公克,95g,110,14,6,0,0
藥燉排骨湯,湯品,85,公克,85g,146,14,10,0,0
四物雞湯,湯品,95,公克,95g,110,14,6,0,0
牛肉燴飯,主食,553,公克,553g,872,28.5,37.6,102.7,0
羊肉燴飯,主食,350,公克,350g,354.6,16.2,3,65.8,0
雞肉燴飯,主食,365,公克,365g,409.6,23.2,6,65.8,0
南洋咖哩飯,主食,370,公克,370g,427.9,16.1,3.5,83,0
羅勒松子飯,主食,472,公克,471.5g,383.9,11.6,1.5,81,0
黃金南瓜麵,主食,435,公克,435g,352,10.5,0,77.5,0
羅勒松子麵,主食,392,公克,391.5g,241.1,7.4,1.5,49.5,0
藥膳何首烏麵,主食,290,公克,290g,311.2,7.6,0,70.3,0
素香麵,主食,312,公克,311.5g,221.9,6.6,1.5,45.5,0
翠玉雲吞麵,主食,215,公克,215g,299.9,16.1,7.5,42,0
紅油炒手,主菜,100,公克,100g,247.9,18.1,17.5,4.5,0
艾草水餃,主食,150,公克,150g,216,6.5,0,47.5,0
廣東粥,主食,,,,420,40,20,20,0
海產粥,主食,,,,526.2,42,31,19.8,0
皮蛋瘦肉粥,主食,,,,427.4,39.5,21.4,19.2,0
滑蛋牛肉粥,主食,,,,770.5,46.2,56.5,19.3,0
香菇瘦肉粥,主食,427,公克,427g,291,5.8,5.7,52.8,0
滷肉飯,主食,297,公克,297g,503,9.7,7.5,96.8,0
控肉飯,主食,597,公克,597g,959,43.7,43,99.3,0
紅燒牛腩燴飯,主食,340,公克,340g,589.3,20.2,24.5,72,0
鮪排,主菜,100,公克,100g,143,13.4,0.9,20.4,0
花枝羹,主食,100,公克,100g,12.5,11.4,0.2,9.4,0
鮮肉雲吞,主菜,100,公克,100g,226,11.1,10.1,23,2.8
八寶粥,點心,100,公克,100g,75,1.5,0.7,15.9,0.9
什錦炒飯,主食,100,公克,100g,188,5,5.6,29.7,2
筒仔米糕,主食,155,公克,155g,285,5.5,7.1,48.8,1.1
炒板條,主食,100,公克,100g,148,4.2,4.2,23.7,1.2
擔仔麵,主食,378,公克,378g,282,8.9,6.6,47.4,2.5
里肌豬排漢堡,主食,185,公克,185g,410,16.7,17,47.7,0
蔥爆豬柳漢堡,主食,190,公克,190g,413,15,18.3,47.2,0
香雞排漢堡,主食,180,公克,180g,503,15.4,23.7,55.9,0
鮪魚漢堡,主食,168,公克,168g,414,10.6,23.2,52,0
黃金蝦餅漢堡,主食,175,公克,175g,510,11.5,27.9,52.5,0
鮮嫩豬排漢堡,主食,188,公克,188g,413,17,17,47.9,0
香酥魚排堡,主食,205,公克,205g,443,14.6,16.5,58.2,0
卡啦雞腿堡,主食,220,公克,220g,686,21.8,40,55.6,0
火腿蛋吐司,主食,175,公克,175g,373,15.4,20.4,31.5,0
香雞排吐司,主食,145,公克,145g,415,12.5,22.2,40.5,0
培根吐司,主食,127,公克,127g,345,9.2,21.8,28.3,0
燻雞吐司,主食,133,公克,132.6g,328.2,12.6,17.6,30,0
夾肉吐司,主食,145,公克,145g,371.8,9.5,21.2,35.2,0
蔥爆豬柳吐司,主食,155,公克,155g,325,12.1,16.8,31.9,0
鮮嫩豬排吐司,主食,153,公克,153g,325,14.1,15.5,32.6,0
鮪魚吐司,主食,133,公克,133g,327,7.7,21.7,36.8,0
肉鬆蛋土司,主食,159,公克,159g,426,17.2,24.2,34.7,0
薯泥土司,主食,139,公克,139g,365,6.8,22.5,33.7,0
蔬菜吐司,主食,129,公克,129g,314,5.5,18.6,31.2,0
藍莓乳酪吐司,主食,70,公克,70g,190,5.3,6,29,0
原味乳酪吐司,主食,70,公克,70g,270,6,14.6,25.9,0
巧克力吐司,主食,60,公克,60g,206,5.2,7.3,30.3,0
花生吐司,主食,60,公克,60g,207,6.5,7.4,28.8,0
奶酥吐司,主食,60,公克,60g,218,5.1,9.7,27.8,0
奶香法國吐司,主食,146,公克,146g,398,17.6,17.5,42.3,0
總匯三明治,主食,254,公克,254g,661,21.7,36.6,60.6,0
培根蛋餅,主食,160,公克,160g,357,15.2,16.8,36.3,0
起司蛋餅,主食,140,公克,140g,344,15.7,15.6,35.2,0
原味蛋餅,主食,117,公克,117g,263,10.8,9,34.3,0
日式蛋餅,主食,139,公克,139g,336,11.3,12.4,38.1,0
玉米蛋餅,主食,147,公克,147g,292,11.5,9.7,39.3,0
火腿蛋餅,主食,141,公克,141g,297,14.6,9.8,36.9,0
蔬菜蛋餅,主食,153,公克,153g,277,11.3,9.3,37,0
鮪魚蛋餅,主食,167,公克,167g,345,13.7,17.2,44.8,0
豬柳蛋餅,主食,188,公克,188g,338,18,11.8,39.8,0
焗烤海鮮厚片,主食,120,公克,120g,316,8.2,18.1,41.3,0
焗烤培根厚片,主食,137,公克,137g,392,12.9,12.9,39.3,0
焗烤夏威夷厚片,主食,137,公克,137g,305,15.1,7.1,43.7,0
鮪魚香烤厚片,主食,137,公克,137g,342,11.9,12.8,43.5,0
巧克力厚片,主食,85,公克,85g,298,5.9,11.8,41.8,0
花生厚片,主食,85,公克,85g,299,8.9,12.1,38.8,0
奶酥厚片,主食,81,公克,81g,295,6,14.2,35.5,0
香蒜麵包,主食,55,公克,55g,168,3.3,7.5,21.2,0
藍莓乳酪貝果,主食,115,公克,115g,266,8,3,50.9,0
原味乳酪貝果,主食,115,公克,115g,346,8.7,11.6,47.8,0
巧克力貝果,主食,115,公克,115g,338,8,7.8,58.1,0
奶酥貝果,主食,120,公克,120g,398,8.4,15.6,54.9,0
花生貝果,主食,115,公克,115g,340,11,8.1,55.1,0
核桃貝果,主食,122,公克,122g,286,8.2,5.8,50.2,0
火腿貝果,主食,165,公克,165g,328,11.6,8.4,50.7,0
培根貝果,主食,170,公克,170g,383,12.1,15.3,48.7,0
燻雞貝果,主食,142,公克,142g,297,8.1,7.7,48.2,0
培根丹麥土司,主食,231,公克,231g,546,18,28.9,52.4,0
火腿丹麥土司,主食,226,公克,226g,491,17.5,22,54.4,0
鮪魚丹麥土司,主食,252,公克,252g,539,16.6,29.4,62.2,0
燻雞丹麥土司,主食,240,公克,240g,525,21.4,24.7,53.3,0
起司蛋丹麥土司,主食,214,公克,214g,498,16.2,24.5,52.2,0
薯泥丹麥土司,主食,188,公克,188g,437,8.6,19.4,55.8,0
燻雞可頌,主食,139,公克,139g,297,12.4,12,34.3,0
鮪魚可頌,主食,151,公克,151g,311,7.7,16.8,43.2,0
薯泥可頌,主食,157,公克,157g,345,6.8,17.1,40.1,0
里肌豬排可頌,主食,156,公克,156g,291,13.6,9.9,36.5,0
豬柳可頌,主食,157,公克,157g,299,11.9,11.3,37,0
現烤可頌,主食,61,公克,61g,156,4.4,1.8,29.9,0
蛋沙拉佛卡夏,主食,136,公克,136g,338,5.9,17,39.9,0
蔬菜佛卡夏,主食,136,公克,136g,338,5.9,17,39.9,0
薯泥佛卡夏,主食,169,公克,169g,406,7.4,22.2,42.8,0
火腿佛卡夏,主食,142,公克,142g,360,9.2,18.3,38.7,0
培根佛卡夏,主食,147,公克,147g,415.2,9.6,25.2,36.7,0
招牌肉佛卡夏,主食,168,公克,168g,436,0.8,24.5,42.6,0
里肌豬排佛卡夏,主食,175,公克,175g,401,14.2,20.2,39.8,0
法式蘋果核桃燒餅,主食,140,公克,140g,358,4.8,24.5,24.5,0
法式蔬菜燒餅,主食,136,公克,136g,324,4.6,19.8,19.8,0
法式薯泥燒餅,主食,169,公克,169g,424,5.8,29.7,29.7,0
法式培根燒餅,主食,142,公克,142g,389,8.2,27.5,27.5,0
花生起酥吐司,主食,79,公克,79g,225,6.5,6.7,6.7,0
巧克力起酥吐司,主食,79,公克,79g,224,5,6.6,6.6,0
奶酥起酥吐司,主食,79,公克,79g,236,5.1,9,9,0
火腿起酥吐司,主食,101,公克,101g,263,8.5,10.3,10.3,0
培根起酥吐司,主食,106,公克,106g,317,8.9,17.2,17.2,0
肉鬆起酥吐司,主食,97,公克,97g,323,10.4,13.7,13.7,0
鮪魚起酥吐司,主食,127,公克,127g,306,7.6,17.1,17.1,0
蔥抓餅,主食,53,公克,53g,161.4,3.5,7.5,20,0
黃金蝦餅,主菜,50,公克,50g,204,3.6,17.1,8.5,0
薯條,副菜,165,公克,165g,282,4,13.7,36.1,0
薯餅,副菜,63,公克,63g,81,0.6,5,8.8,0
熱狗,副菜,71,公克,71g,153,8.7,12.2,0.2,0
薯泥沙拉,副菜,132,公克,132g,241,4.1,18.1,15,0
豬腳麵線,主食,351,公克,351g,376,22.5,16.9,32.7,0
八寶冬粉,主食,274,公克,274g,280,14.3,10.6,31.7,0
鼎邊銼,主食,338,公克,338g,312,14.2,9.9,42,0
豆簽羹,主食,418,公克,418g,423,36.9,22.8,34.2,0
鰻魚羹,主食,320,公克,320g,255,15.4,13.2,18.8,0
蝦仁羹,主食,266,公克,266g,225,27.6,5.3,15.6,0
蚵仔煎,主食,272,公克,272g,455,14.2,21.5,51.6,0
肉圓,主食,185,公克,185g,324,6.2,11.9,53.2,0
天婦羅,副菜,98,公克,98g,194,9.7,8.5,20.1,0
碳烤吐司,主食,202,公克,202g,468,20.3,21.9,47.7,0
營養三明治,主食,181,公克,181g,468,13.5,21.7,54.7,0
甜酒釀湯圓,點心,280,公克,280g,471,7.2,15,77.9,0
巧克力牛軋糖,點心,16,公克,16g,79,2.4,3.9,8.6,0
牛奶牛軋糖,點心,14,公克,14.33g,70.7,2.1,3.5,7.7,0
鳳梨酥,點心,36,公克,36g,173,1.4,9.1,21.5,0
綠豆椪,點心,78,公克,78g,197,4.8,7.9,27.1,0
咖哩滷肉椪,點心,78,公克,78g,238,8.4,8.9,31.5,0
八角糕,點心,21,公克,20.5g,94.5,1.7,3.9,13.2,0
花生糕,點心,5,公克,4.75g,22.5,0.6,1.1,2.7,0
鹹雪糕,點心,13,公克,12.5g,33.5,0.4,0.1,7.9,0
米香,點心,38,公克,38g,179,6.2,7.2,22.4,0
白芝麻珍珠粩,點心,16,公克,16g,83,1.7,4.9,7.9,0
黑芝麻珍珠粩,點心,19,公克,19g,90,2,4.4,10.8,0
花生珍珠粩,點心,22,公克,22g,111,3.3,5.9,11.1,0
白米珍珠粩,點心,16,公克,16g,63,0.4,1,13.1,0
米粉湯,主食,560,公克,560g,490,1.4,11.8,95.6,0
油豆腐細粉,主食,829,公克,829g,716,27.7,35.2,73.6,0
蓮子肉粽,主食,185,公克,185g,405,11.7,19.6,44.7,0
肉粽,主食,186,公克,186g,331,10.4,9.8,49.7,0
粿粽,主食,84,公克,84g,239,4.2,8,37.1,0
米糕,主食,242,公克,242g,515,14.8,23.9,59.5,0
大腸包小腸,主食,217,公克,217g,582,22.3,35.6,44.2,0
大腸煎,主食,239,公克,239g,434,9.1,15.8,63.4,0
豬血糕,副菜,105,公克,105g,235,10.4,3.8,40.7,0
油蔥糕,副菜,245,公克,245g,305,7,3.9,59.2,0
草仔粿,點心,179,公克,179g,359,5.9,7,67.4,0
鴨肉湯麵,主食,682,公克,682g,431,19.1,14.7,57.1,0
花枝炒麵,主食,435,公克,435g,768,33.5,30,93.5,0
蚵仔麵線,主食,412,公克,412g,415,15.5,16.8,51.1,0
刈包,主食,160,公克,160g,504,15,28.4,46.5,0
肉包,主食,153,公克,153g,484,15.1,22.9,52.7,0
小籠包,主食,28,公克,28.16g,63,1.9,4.1,4.5,0
高麗菜水餃,主食,26,公克,26.2g,48.8,1.6,3.1,3.4,0
鍋貼,主食,25,公克,24.6g,75.3,1.8,3.5,9,0
胡椒餅,主食,167,公克,167g,333,11.3,18.5,29.8,0
高麗菜生煎包,主食,106,公克,106g,259,8.9,11.3,30,0
韭菜生煎包,主食,115,公克,115g,259,6.1,10.8,34.4,0
沙威瑪,主食,147,公克,147g,300,18.2,9.1,36.6,0
春捲,副菜,221,公克,221g,397,14.2,21.4,40.1,0
炸臭豆腐,主食,265,公克,265g,565,37.4,36.7,22.6,0
麻辣臭豆腐,主食,440,公克,440g,432,33.4,26.6,15.5,0
甜不辣,副菜,246,公克,246g,430,13.8,7.9,76.7,0
阿給,主菜,255,公克,255g,371,26.8,7.8,48.6,0
肉羹,主菜,334,公克,334g,405,30.8,21.7,20,0
魚酥羹,湯品,277,公克,277g,217,2.1,12.6,24.4,0
魷魚羹,湯品,328,公克,328g,124,11,2.8,14.2,0
魚丸湯,湯品,594,公克,594g,181,12.1,8.4,14.5,0
大餅包小餅,主食,100,公克,100g,373,8.3,16.5,48.5,0
甜麻糬,點心,73,公克,73g,120.5,2.3,1.3,25,0
紅豆芋圓,點心,401,公克,401g,402,14.3,0.8,86.4,0
紅豆車輪餅,點心,93,公克,93g,226,6.2,4.5,40.4,0
綠豆沙酥餅,點心,89,公克,89g,392,6.8,22.4,40.9,0
松子酥,點心,107,公克,107g,390,6.8,12.9,64.2,0
鴛鴦酥,點心,104,公克,104g,379,6.7,12.6,62.4,0
千層蜂蜜蛋糕,點心,40,公克,40g,144,2.6,7.1,17.6,0
魚丸冬粉,主食,431,公克,431g,345,8.6,10.8,53.8,0
客家粄條,主食,498,公克,498g,428,8.8,12.1,72.6,0
客家菜包,主食,166,公克,166g,363,4.5,11.7,59.7,0
蔥燒包,主食,183,公克,183g,512,15.1,16.9,73.4,0
蔥燒包(無餡),主食,145,公克,145g,404,10.2,6.1,76.1,0
潤餅,主食,211,公克,211g,495,16.1,31.1,40.9,0
花生軟糖,點心,20,公克,20g,80.5,3,4.9,6.2,0
花生酥糖,點心,8,公克,8.33g,44.8,1.7,2.5,3.8,0
月光餅,點心,59,公克,59g,149,1.9,1.3,32.5,0
紅豆肚臍餅,點心,78,公克,78g,186,7.8,0.6,37.5,0
芋頭肚臍餅,點心,77,公克,77g,185,7.7,0.5,37.1,0
鹹豆沙肚臍餅,點心,77,公克,77g,187,7.8,0.7,37.2,0
辣包干,點心,80,公克,80g,320,13.6,20.8,27.2,0
香菇豆干,點心,80,公克,80g,320,13.6,20.8,27.2,0
羊肉泡饃,主食,902,公克,902g,850,18.7,31.8,121.8,0
羊肉炒麵,主食,488,公克,488g,974,28.8,38.7,125.5,0
炒米粉,主食,293,公克,293g,453,0.5,13.8,82.5,0
粉呇,副菜,234,公克,234g,308,24.4,6.1,37.8,0
客家粿粽,主食,90,公克,90g,239,4.8,5.8,40.5,0
客家湯圓,湯品,394,公克,394g,365,7.8,11.6,56.2,0
玉米餅,副菜,270,公克,270g,546,10.2,25,70.3,0
勾勾羹,湯品,358,公克,358g,312,28.4,8.5,29,0
甜熱芋泥,點心,228,公克,228g,241,1.7,6.5,44.4,0
水蒸鹹蛋糕,點心,53,公克,53g,178,8.5,8.7,16.2,0
水蒸紅豆蛋糕,點心,76,公克,76g,190,5.4,5.7,29.9,0
布丁蛋糕,點心,47,公克,47g,125,3.3,6.7,13.2,0
竹塹餅,點心,84,公克,84g,434,5.4,26.3,45.4,0
海鮮燴飯,主食,557,公克,557g,694,22.7,17.9,109.2,0
炒麵,主食,330,公克,330g,687,15.3,30.5,89.6,0
湯粄條,主食,333,公克,333g,325,6.8,11.6,49.5,0
薏仁小米粥,主食,256,公克,256g,162,4.2,0.8,33.7,0
豬肉餡餅,主食,100,公克,100g,324,7.8,20.2,27.4,0
蔥油餅,主食,71.5,公克,71.5g,270.5,4.05,14.4,31.1,0
水晶餃湯,湯品,326,公克,326g,514,8.1,17.1,81.8,0
餛飩湯,湯品,301,公克,301g,181,12.6,10.5,27.8,0
黑輪,副菜,427,公克,427g,313,20.8,7.2,41.9,0
客家Q餅,點心,108,公克,108g,366,9.2,10.3,59.3,0
客家發糕,點心,126,公克,126g,404,6.7,0.5,94.2,0
木頭餅,點心,100,公克,100g,327,13.6,12.2,40.8,0
草莓大福,點心,70,公克,70g,128,2.6,1.7,25.6,0
紅豆麻糬,點心,72,公克,72g,146,3.3,1.9,28.8,0
肚臍餅,點心,51,公克,51g,114,3.4,2.6,19.4,0
古早味肉餅,點心,,,花豆,179,1.8,3.8,26.3,0
紅豆粄,點心,55,公克,55g,124,1.5,0.1,29.4,0
艾草粄,點心,51,公克,51g,113,1,0.1,27.2,0
黑糖發糕,點心,80,公克,80g,185,3.4,1,40.4,0
黑糖米糕,點心,63,公克,63g,138,2.1,0.8,30.4,0
大麵羹,主食,355,公克,355g,367,11.3,7.2,65,0
羊肉羹,湯品,372,公克,372g,344,19.6,22.4,15.3,0
羊肉羹麵,主食,550,公克,550g,708,31.9,26.6,85.1,0
麵線糊,主食,715,公克,715g,688,21.9,22.7,100.4,0
涼麵,主食,347,公克,347g,474,16,18,62,0
飯糰,主食,291,公克,291g,519,22.7,19.6,60.9,0
半月燒,主食,145,公克,145g,400,12.2,15.5,52.9,0
炒麵麵包,主食,265,公克,265g,634,17.8,26.3,82.4,0
三明治,主食,73,公克,73g,211,6.4,7.3,28.4,0
泡菜醬料雞排,主菜,204,公克,204g,563,31.4,36.7,28.1,0
烤玉米,副菜,168,公克,168g,177,6.4,8.1,19.2,0
起司馬鈴薯,副菜,232,公克,232g,333,12.5,15.1,36.8,0
豐仁冰,點心,431,公克,431g,568,13.5,6.6,117.9,0
蜜豆冰,點心,290,公克,290g,552,16.9,2.2,118.9,0
冷凍芋,點心,316,公克,316g,247,3,1.3,55.8,0
粉圓豆花,點心,370,公克,370g,578,23.9,12.9,95.4,0
湯圓豆花,點心,380,公克,380g,288,7.8,3,57.2,0
珍珠奶茶,點心,369,公克,369g,331,0.7,10.8,59.2,0
銅鑼燒,點心,82,公克,82g,224,4.7,7.4,34.9,0
蜂蜜蛋糕,點心,49,公克,49g,176,3.2,8.7,21.6,0
乳酪蛋糕,點心,59,公克,59g,216,11.5,13,13.2,0
太陽餅,點心,52,公克,52g,265,3,14.8,29.9,0
綠豆龍睛酥,點心,50,公克,50g,178,2.4,7,26.6,0
芋頭龍睛酥,點心,51,公克,51g,155,3.1,3.1,26.8,0
香菇龍睛酥,點心,48,公克,48g,165,2.4,6,24.9,0
雪花餅,點心,104,公克,104g,397,8.8,7.8,55.8,0
冰沙餅,點心,50,公克,50g,170,3.8,5.1,27.2,0
杏仁脆片,點心,5,公克,5g,27.5,0.9,1.7,2.4,0
菓汁香干絲,點心,4,公克,3.75g,12.8,1,0.6,0.8,0
沙茶豆腐乾,點心,6,公克,5.83g,19.8,1.6,0.9,1.3,0
滷肉飯,主食,287,公克,287g,538,12.5,21.1,74.4,0
豐原市肉粽,主食,179,公克,179g,396,9.4,17.9,47.8,0
媳婦肉粽,主食,104,公克,104g,314,9.8,19.3,24.4,0
鵝肉麵,主食,727,公克,727g,579,26.6,29.4,51.7,0
排骨酥麵,主食,738,公克,738g,747,23.3,20,119.5,0
水煎包,主食,123,公克,123g,288,8.4,9.2,42.4,0
海鮮總匯起司煎包,主食,301,公克,301g,441,24.6,26,27.9,0
三角肉圓仔,主食,380,公克,380g,377,5.2,21.3,41.2,0
涼圓,點心,122,公克,122g,174,5.3,2.4,35.7,0
粉腸,副菜,300,公克,300g,395,11.6,9,67.4,0
肉粿,主食,110,公克,110g,209,9.9,9.5,21.5,0
蚵仔粿,主食,109,公克,109g,248,7.5,11.7,29.1,0
碗粿,主食,240,公克,240g,324,7,14.5,39.3,0
甜碗粿,點心,250,公克,250g,274,3.2,0.3,65.8,0
豬血湯,湯品,390,公克,390g,96,5.5,7,2.5,0
雞腳凍,副菜,31,公克,31.2g,36.6,4,2.22,0,0
手工饅頭,主食,110,公克,110g,272,8.9,1.3,56.4,0
烤地瓜,主食,187,公克,187g,291,2.4,0.7,67.2,0
糖煮地瓜,點心,244,公克,244g,335,2.2,0.7,78.9,0
糖煮芋頭,點心,193,公克,193g,278,4.2,1.9,60.6,0
芋仔冰,點心,23,公克,23g,29.3,0.3,0.6,5.9,0
酸梅冰,點心,370,公克,370g,230,0,1.5,55.5,0
酸梅汁,飲品,328,公克,328g,181,0,0,45.3,0
鳳梨牛奶冰,點心,395,公克,395g,219,5.1,5.7,38.9,0
彎豆冰,點心,480,公克,480g,780,27.2,11.8,143,0
鹹蛋糕,點心,43,公克,43g,126,2.6,7,13.3,0
芋頭酥,點心,52,公克,52g,236,3.3,9.8,33.6,0
煎餅,點心,9,公克,9g,29.5,0.6,0.4,5.9,0
吊鐘燒,點心,30,公克,30g,68,0.8,2.2,11.4,0
奶油酥餅,點心,75,公克,75g,347,4,15.6,47.8,0
小月餅,點心,48,公克,48g,192,4.2,7.9,26.1,0
紅豆奶油派,點心,92,公克,92g,213,9.4,7.5,27.1,0
月餅,點心,101,公克,101g,371,13,11.9,53.3,0
美人腿蝦餅,主菜,135,公克,135g,437,14.5,32.8,20,0
牛肉餡餅,主食,75,公克,75g,205,7.8,11.8,16.7,0
古早麵,主食,172,公克,172g,244,9.8,7.9,34.5,0
意麵,主食,338,公克,338g,379,13.4,8.3,61.3,0
魚翅肉羹,湯品,310,公克,310g,218,9.6,14.3,13,0
大腸麵線,主食,397,公克,397g,416,10,17.5,55.8,0
竹筒飯,主食,180,公克,180g,296,5.7,5.7,54.4,0
紅麴豬腳,主菜,12,公克,11.67g,26.7,2.17,1.97,0.1,0
紹興酒香腸,主菜,67,公克,67g,228,10.4,18,8.5,0
酒蛋,副菜,47,公克,47g,64,6.9,4.3,0.5,0
鹹湯圓,點心,373,公克,373g,302,13.1,9.2,40.6,0
甜湯圓,點心,370,公克,370g,423,9.3,3.2,88.5,0
蕃薯包,主食,117,公克,117g,216,2.6,9.9,32.9,0
蜜蕃薯,點心,25,公克,25g,50.5,0.3,0.1,12.2,0
紅薯餅,點心,100,公克,100g,276,3.9,11,37,0
花生仁豆花,點心,365,公克,365g,295,11.4,16.6,28.6,0
碗糕,主食,167,公克,167g,246,6.2,13.9,24.3,0
綠豆粉粿,點心,20,公克,20g,36,0.6,0,9.2,0
紅麴蛋捲,點心,18,公克,18g,63.5,1.2,2.7,8.8,0
麻糬,點心,44,公克,44g,120,3,4.6,17.4,0
清冰,點心,89,公克,89g,69,0.1,0,17.2,0
紅豆牛奶冰,點心,89,公克,89g,93,1.5,0.7,20.2,0
紹興米糕冰,點心,85,公克,85g,246,1.3,0.2,58.2,0
香菇肉包,主食,86,公克,86g,201,9.1,3,33.6,0
蛋黃肉包,主食,90,公克,90g,291,9.8,13.8,31,0
素麵,主食,404,公克,404g,494,23.4,11,76.8,0
貓鼠麵,主食,360,公克,360g,388,13.6,11,59.9,0
蛤仔麵,主食,383,公克,383g,434,16.6,10.5,69.1,0
錦魯麵,主食,654,公克,654g,678,45.1,20.7,78.1,0
米苔目湯,湯品,611,公克,611g,307,1.7,6.7,60.8,0
赤牛麵,主食,854,公克,854g,740,43.6,26.2,78.9,0
九層粿,主菜,204,公克,204g,410,5.8,21.8,47.3,0
肉圓仔湯,主食,370,公克,370g,198,4.7,6.2,30.2,0
高麗菜飯,主食,280,公克,280g,584,32,17.4,71.5,0
扁食(食燕),主菜,362,公克,362g,238,10.5,17.2,10.6,0
蝦丸湯,湯品,251,公克,251g,93,4.8,5.1,7.3,0
芋丸,點心,179,公克,179g,208,9.1,2.2,37.2,0
芋頭甜湯,點心,382,公克,382g,410,6,1.3,94.5,0
桂圓蛋糕,點心,57,公克,57g,234,1.9,7.9,39.1,0
鹹麻糬,點心,30,公克,30g,61,2.8,0.5,11.3,0
千層酥,點心,3,公克,3.33g,13.6,0.1,0.7,1.6,0
口酥餅,點心,4.6,公克,4.6g,22.6,0.4,1.1,3.1,0
牛舌餅,點心,60,公克,60g,248,3.8,7.4,41.6,0
豬油粩,點心,10,公克,10g,45.5,0.4,1.6,7.5,0
原味鳳眼糕,點心,1,公克,1g,3.8,0,0,0.9,0
綠豆糕,點心,17,公克,17g,77,1.2,2.7,11.9,0
麵茶,點心,7,公克,7.2g,30,0.5,0.4,6.2,0
李子鹹,點心,16,公克,16g,30.5,0.2,0,7.4,0
蜜棗,點心,5.4,公克,5.4g,12.2,0.1,0.02,2.8,0
鴨肉飯,主食,260,公克,260g,456,14.2,12.4,69.5,0
鴨肉羹,湯品,320,公克,320g,266,15,17.3,12.3,0
紅燒豆枝羹,湯品,370,公克,370g,251,22.9,13.1,11.3,0
魷魚嘴羹,湯品,378,公克,378g,252,18.7,13.6,14.1,0
煎粿,主食,480,公克,480g,649,10.2,24.1,96.6,0
當歸鴨麵線,主食,830,公克,830g,548,28.4,21.9,56.8,0
煙燻鵝翅麵,主食,857,公克,857g,584,23.5,30.5,55.6,0
羊肉米糕,主食,153,公克,153g,304,11.2,12.1,34.6,0
三角大水餃,主食,110,公克,110g,196,4.4,4.3,35.1,0
芋圓圓仔湯,點心,390,公克,390g,428,12.4,1.3,92.2,0
麥芽餅,點心,25,公克,25g,120,2.8,5.2,15.6,0
肉脯喜餅,點心,35,公克,35g,169,2.3,8.7,20.6,0
平安酥餅,點心,28,公克,28g,105,1.4,5.6,14,0
狀元囍餅,點心,80,公克,80g,307,9.8,10,45.4,0
肉餅,主菜,39,公克,39g,188,2.5,9.7,22.9,0
麥芽酥,點心,25,公克,25g,88,4.2,7.2,14.6,0
鳥仔餅,點心,30,公克,30g,110,0.7,5.1,15.6,0
鐵支路便當,主食,503,公克,503g,869,42.9,40.7,81.5,0
米寶便當,主食,372,公克,372g,529,19.7,15.1,79.1,0
蒜頭飯,主食,291,公克,291g,545,9,16.3,89,0
雞肉飯,主食,333,公克,333g,680,21.3,26.4,87.2,0
酥皮海鮮肉圓,主食,376,公克,376g,611,31.1,18,86.5,0
煎油蔥稞,主菜,434,公克,434g,677,12.5,24.5,100.4,0
蚵仔包,主菜,166,公克,166g,380,13.6,11.9,54.4,0
脆皮蚵爹,主菜,103,公克,103g,237,6,12.5,26,0
草仔粿(甜),點心,162,公克,162g,408,6.5,3.7,86.7,0
花生麻糬凍,點心,103,公克,103g,307,8.3,9.3,49.3,0
綠豆麻糬凍,點心,92,公克,92g,192,6.7,3.7,33.2,0
楊桃冰,點心,294,公克,294g,308,0.8,0.1,82.4,0
粉圓冰,點心,339,公克,339g,237,0,0,59.8,0
蒜頭餅,點心,93,公克,93g,462,9.7,20.9,58.8,0
火車餅,點心,104,公克,104g,463,6.4,18.3,69,0
方塊酥,點心,19,公克,19g,89,0.1,3.8,13.9,0
紅豆羊羹,點心,42,公克,42g,121,1.4,0,29.6,0
雙仁潤,點心,7,公克,7.33g,30.3,0.8,0.9,4.9,0
芭蕉飴,點心,9,公克,8.67g,30,0.1,0,7.3,0
花生粉新港飴,點心,17,公克,17g,71,1.8,2,11.4,0
花生新港飴,點心,15,公克,15g,62,1.6,1.8,10,0
梅子飴,點心,16,公克,16g,59,0.3,0.2,14.1,0
花生糖,點心,20,公克,20g,111,4.3,6.7,8.5,0
豌豆飴,點心,17,公克,17g,71,1.8,1.7,12.3,0
芝麻糖,點心,6,公克,6g,33,1,1.9,2.9,0
蜜果,點心,14,公克,14g,50.5,0.2,0.1,12.6,0
花果酥,點心,30,公克,30g,167,6.7,11,10.2,0
蜜餞,點心,5,公克,5g,10,0.2,0,3.2,0
羊肉飯,主食,473,公克,473g,865,29.4,39.6,95.3,0
燒肉飯,主食,441,公克,441g,799,27.5,44.3,71.8,0
蝦仁飯,主食,263,公克,263g,514,9.4,19.6,74.1,0
豬頭飯,主食,216,公克,216g,416,6.3,13.1,67.1,0
豆菜麵,主食,273,公克,273g,327,11.4,3.2,64,0
鍋燒意麵,主食,772,公克,772g,607,23.3,28.6,66.3,0
魚麵,主食,284,公克,284g,127,8,6,10,0
滷麵,主食,762,公克,762g,850,47.7,36.9,81.4,0
小卷米粉,主食,586,公克,586g,358,14.1,1.2,73.1,0
虱目魚鹹粥,主食,349,公克,349g,317,11.6,16.9,28.4,0
大腸粥,主食,362,公克,362g,315,8.9,20.8,23.8,0
八寶粽,主食,397,公克,397g,911,31.4,44.9,92.6,0
豬舌包,主食,98,公克,98g,251,10.3,8,34,0
蝦仁肉圓,主食,154,公克,154g,366,11.8,22.9,28,0
糯米腸,副菜,116,公克,116g,222,3.6,7.4,34.9,0
羊肉湯,湯品,722,公克,722g,561,43.1,41.8,0.1,0
魚冊湯,湯品,187,公克,187g,111,6.9,8.8,0.5,0
鴨蛋肉絲湯,湯品,385,公克,385g,176,12.1,13.1,1.3,0
腦髓湯,湯品,225,公克,225g,165,14.3,11.5,0,0
豬心湯,湯品,265,公克,265g,69,8.8,3.5,0.5,0
土魠魚羹,湯品,449,公克,449g,349,12.5,17.9,35.8,0
白北浮水魚羹,湯品,329,公克,329g,142,15.9,3.7,10.8,0
浮水花枝羹,湯品,347,公克,347g,263,26.9,12.1,10.3,0
烤黑輪,副菜,50,公克,50g,84,5.6,2.1,10.9,0
蚵捲,主菜,55,公克,55g,147,8.7,9.8,6.3,0
棺材板,主食,180,公克,180g,531,18,26.2,56.6,0
意仁湯,點心,353,公克,353g,253,5.7,2,53.4,0
米糕粥,點心,436,公克,436g,232,3.1,0.2,56.1,0
綠豆湯,點心,306,公克,306g,254,12.6,0.5,51.5,0
芋頭冰,點心,338,公克,338g,328,3.7,1.6,74.9,0
八寶冰,點心,291,公克,291g,271,5.9,0.5,61.7,0
豆花,點心,340,公克,340g,172,7.4,3.8,28,0
杏仁豆腐,點心,217,公克,217g,319,3,21.7,30.2,0
紅磚布丁,點心,145,公克,145g,142,8.4,4.6,16.7,0
鮮奶酪布丁,點心,139,公克,139g,209,5.3,12.2,23.4,0
肉乾,點心,35,公克,35g,128,10.6,2.9,14.9,0
芝麻花生糖,點心,30,公克,30g,147,5,7.7,14.5,0
鴨片飯,主食,291,公克,291g,364,13.5,8,57.4,0
蔬菜排骨麵,主食,643,公克,643g,580,31.4,24.5,57.8,0
雞肉絲麵,主食,341,公克,341g,548,21,9.3,96.1,0
羊肉米粉,主食,325,公克,325g,308,12.2,13.4,33.8,0
當歸鴨湯,湯品,365,公克,365g,188,14.9,13.5,0.7,0
碳烤燒餅(鹹),主食,82,公克,82g,257,8.5,11.4,30.3,0
碳烤燒餅(甜),主食,86,公克,86g,347,6.3,19.5,38.9,0
燒餅,主食,210,公克,210g,459,21.9,20.5,47.3,0
酥烤蔥仔餅,主食,231,公克,231g,231,4.1,9.9,30.9,0
芋簽粿,主食,167,公克,167g,333,8.1,11.1,49.2,0
鮑魚肉包,主食,157,公克,157g,444,17.4,17.7,52.2,0
烤黑輪,副菜,34,公克,34g,82,2.1,1.9,14.4,0
花枝丸,副菜,36,公克,35.75g,94.5,5.3,6.1,4.9,0
雞蛋酥,點心,58,公克,58g,276,5.8,14.8,30,0
古早味芋簽圓,副菜,243,公克,243g,448,10.2,1.1,100.2,0
花生棋餅,點心,7,公克,6.89g,17.9,0.3,1.3,1.4,0
打狗餅,點心,38,公克,38g,158,2.9,6.3,25.3,0
鹹Q餅,點心,80,公克,80g,310,6.8,11.5,45.5,0
冬蟲夏草蛋糕,點心,56,公克,56g,211,4.5,11.7,23.2,0
軟木塞蛋糕,點心,17,公克,17g,49,1,1.7,7.5,0
芋頭蛋糕,點心,60,公克,60g,135,2.7,7.2,15,0
旗鼓餅,點心,53,公克,53g,159,7.5,3.6,24.2,0
木棉酥,點心,39,公克,39g,97,5.5,2.6,17.8,0
栗子燒,點心,48,公克,48g,129,2.9,2.9,23,0
厚片豬肉乾,點心,13,公克,13.2g,30.6,3.7,0.4,3,0
搶鍋麵,主食,1238,公克,1238g,1110,36.8,48.2,134.9,0
一口粽,主食,16,公克,15.5g,26.5,1.05,0.75,3.7,0
炸餛飩,主菜,26,公克,26g,85.7,2.47,17,6,0
超大水餃,主食,58,公克,57.5g,123.5,5.2,8.2,7.1,0
蛋黃香菇肉包,主食,178,公克,178g,529,19.7,26.2,51.9,0
紅豆麻糬包,點心,172,公克,172g,400,11.2,2.7,82,0
旗魚黑輪,副菜,40,公克,40g,102,2.8,4.7,12.3,0
沾醬蕃茄,點心,370,公克,370g,260,6.7,0.6,58.8,0
綠豆蒜,點心,392,公克,392g,280,10.5,0.6,60.8,0
燒冷冰,點心,436,公克,436g,545,16.2,10.1,98.6,0
雙糕潤,點心,53,公克,53g,139,1.5,2.3,28,0
起司蛋捲,點心,24,公克,23.5g,76,3.2,8.6,7.9,0
櫻花蝦巧克力,點心,15,公克,14.5g,66.5,1.15,4.9,9.9,0
沙琪瑪,點心,66,公克,66g,246,4,6.3,44,0
低溫慢烤紅糟豬里肌,主菜,77,公克,77.18g,162,13.5,11.5,1,0
泰式打拋豬,主菜,113,公克,112.9g,173,13.4,11.8,3,0.4
鮮烤彩蔬梅肉,主菜,124,公克,124.1g,183,15,10,8,1
黑胡椒肉絲,主菜,144,公克,143.6g,179,12,8,18,1
剝皮辣椒雞翼,主菜,138,公克,137.5g,140,10,9,5,1
味噌烤雞腿,主菜,160,公克,160g,196,19,10,5,0
雞絲拉皮,主菜,141,公克,141g,135,17,1,14,1
挪威薄鹽鯖魚,主菜,91,公克,90.8g,241,14,17,9,0
秋刀魚甘露煮,主菜,138,公克,138g,263,16,19,7,1
蠔油炒牛肉,主菜,100,公克,100g,83,11,2,6,1
糙米燕麥飯,主食,100,公克,100g,219,5,2,45,2
野蔬滷豆乾海帶,副菜,127,公克,126.5g,82.1,6.8,4.6,5.8,2.6
木耳百菇,副菜,83,公克,82.5g,26,2,0,5,2
薑黃飯,主食,100,公克,100g,219,5,2,45,2
日式蒸蛋,副菜,128,公克,127.5g,69,7,5,1,0
打拋花椰,副菜,73,公克,73g,42,3,2,3,2
紅藜糙米飯,主食,100,公克,100g,219,5,2,45,2
麻婆豆腐,主菜,141,公克,140.74g,70,7,3,1,1
彩繪大黃瓜,副菜,101,公克,100.5g,23.7,0.6,1.6,2.3,0.4
芋頭飯,主食,100,公克,100g,219,5,2,45,2
沖繩風炒胡蘿蔔,副菜,109,公克,108.5g,73,2,3,9,3
雪菜豆包,主食,141,公克,141g,52,9,3,2,1
五穀飯,主食,100,公克,100g,219,5,2,45,2
蒜味海帶茸,副菜,98,公克,98g,46,2,1,9,3
青江菜炒肉絲,副菜,110,公克,109.9g,58,4.3,4.2,1.5,1.1
紅蘿蔔燉牛角,副菜,180,公克,179.95g,61,3,2,5,2
地瓜糙米飯,主食,100,公克,100g,219,5,2,45,2
油蔥樹籽冬瓜,主菜,142,公克,142.3g,25,1,1,4,1
清蒸菇燉豆腐,副菜,143,公克,143.3g,118,9.3,6,8.6,2.4
黑米燕麥飯,主食,100,公克,100g,219,5,2,45,2
滷海帶蒟蒻,副菜,230,公克,230g,56,4,0,9,5
薑燒凍豆腐,副菜,317,公克,317g,83,7,2,8,2
三色蛋,副菜,100,公克,100g,104,9,7,2,0
南瓜胚芽飯,主食,100,公克,100g,219,5,2,45,2
涼拌黑木耳,副菜,77,公克,76.5g,56,1,2,9,5
牛肉麵,主食,817,公克,1碗,969,35.6,51.2,88,0
奇異果,水果,125,公克,1.5個,61,1.4,0.4,14.8,2.8
哈密瓜,水果,225,公克,1個,60,1.3,0.3,14.8,1.6
葡萄,水果,130,公克,13個,61,0.8,0.2,15.5,0.7
鳳梨,水果,130,公克,兩個半圓片,61,1.2,0.2,15.1,1.8